{
  "timePerMeasurement": {
    "Test run time [ms]": [
      235.9978999979794, 152.71169999986887, 159.65090000256896,
      172.2490999996662, 159.32660000026226, 160.98620000109076,
      141.9523000009358, 147.23110000044107, 143.33350000157952,
      157.68169999867678, 144.24040000140667, 162.02690000087023,
      138.82250000163913, 146.8585000000894, 189.46210000291467,
      172.7575999982655, 166.62819999828935, 135.76490000262856,
      161.54280000180006, 129.6646999977529, 143.46270000189543,
      142.15219999849796, 145.91279999911785, 181.73240000009537,
      172.6981000006199, 142.4050000011921, 160.28959999978542,
      217.30640000104904, 141.59930000081658, 143.4666999988258,
      164.41530000045896, 158.6887000016868, 160.81089999899268,
      160.646099999547, 147.45980000123382, 147.46799999848008,
      142.132199998945, 145.069699998945, 160.64089999720454, 144.160499997437,
      130.5540000014007, 160.13770000264049, 143.84319999814034,
      143.52389999851584, 146.33809999749064, 129.95210000127554,
      147.513100001961, 147.33499999716878, 140.73469999805093,
      159.29870000109076, 174.78399999812245, 147.52120000123978,
      147.67410000041127, 147.16200000047684, 146.3902000002563,
      141.48640000075102, 146.56430000066757, 160.98660000041127,
      142.89000000059605, 141.67389999702573, 184.7322000004351,
      177.5062999986112, 144.10590000078082, 144.48160000145435,
      160.64670000225306, 162.74689999967813, 129.5359000004828,
      163.91420000046492, 140.95959999784827, 143.74630000069737,
      163.13859999924898, 164.61099999770522, 152.42769999802113,
      145.6579999998212, 144.6350999996066, 144.27349999919534,
      129.729699999094, 145.28390000015497, 167.2593000009656,
      168.39629999920726, 145.0258000008762, 145.94940000027418,
      142.90569999814034, 143.73369999974966, 146.8771000020206,
      144.35249999910593, 147.82750000059605, 161.8978000022471,
      144.44409999996424, 131.26580000296235, 145.98790000006557,
      147.90560000017285, 143.92420000210404, 144.86559999734163,
      160.49269999936223, 146.25180000066757, 148.34359999746084,
      149.94790000095963, 159.2694999985397, 147.1545000001788
    ]
  },
  "numberOfMeasurements": {
    "Test run time [ms]": 100
  },
  "totalTime": 15273.981499999762,
  "totalTimeRounded": 15.274,
  "numberOfTests": 100,
  "meanTestTime": 0.15274
}
