{
  "timePerMeasurement": {
    "Test run time [ms]": [
      2329.094999998808, 2081.233599998057, 2165.8596000000834,
      2118.3348999992013, 2168.7788000032306, 2081.756899997592,
      2226.855599999428, 2250.531400002539, 2183.682500001043, 2106.76080000028,
      2349.9396000020206, 2187.9571999982, 2097.1566000021994,
      2064.2324000000954, 2067.7308000028133, 2048.5335000008345,
      2090.8570999987423, 2075.3858999982476, 2103.1875999979675,
      2200.8124000020325
    ]
  },
  "numberOfMeasurements": {
    "Test run time [ms]": 20
  },
  "totalTime": 42998.682200003415,
  "totalTimeRounded": 42.999,
  "numberOfTests": 20,
  "meanTestTime": 2.14995
}
