{
  "timePerMeasurement": {
    "Test run time [ms]": [
      2379.8673000000417, 2013.381400000304, 2054.836100000888,
      2165.5454000011086, 2078.545600000769, 2078.010199997574,
      2029.793900001794, 2071.170299999416, 2062.077799998224, 2092.29810000211,
      2008.4820000007749, 2036.8869000002742, 2096.431099999696,
      2078.427999999374, 2097.2082000002265, 2100.795800000429,
      1967.799399998039, 2097.0878999978304, 2100.133299998939,
      2067.1057000011206, 2186.438599999994, 2111.334499999881,
      2317.1997999995947, 2224.2528999969363, 2093.6794999986887,
      2098.4453999996185, 2067.508600000292, 2102.684399999678,
      2081.0093000009656, 1984.2569999992847, 2007.8689999990165,
      2185.6902000010014, 2077.5901999995112, 2096.410300001502,
      1999.8937999978662, 2070.4969999976456, 2103.357999999076,
      1983.3028999976814, 2096.1449000015855, 2114.5645999982953,
      2126.431099999696, 2064.864099998027, 2134.591899998486,
      2088.226299997419, 2073.2572000026703, 2104.0985000021756,
      1999.468299999833, 2060.143100000918, 2073.0082000009716,
      2092.2747999988496, 2199.040000002831, 2060.2004000023007,
      2105.9230999983847, 2151.551599998027, 2086.8582000024617,
      2089.200300000608, 2091.5062000006437, 2198.327500000596,
      2063.5105999968946, 2054.2169000022113, 2133.003899998963,
      2038.177799999714, 2048.8558999970555, 2028.1419000029564,
      2140.4008999988437, 2040.3274000026286, 2155.93599999696,
      2070.3322000019252, 2092.8953999988735, 2187.139699999243,
      2032.65549999848, 2146.70360000059, 2280.0856999978423,
      2087.8038000017405, 2087.1781999990344, 2092.511100001633,
      2193.765100002289, 1978.1356999985874, 2082.142699997872,
      2026.2284999974072, 2161.97500000149, 2000.6814999990165,
      2008.8258999995887, 2083.9215000011027, 2097.9297000020742,
      2341.003299999982, 1984.3948999978602, 2039.0387999974191,
      2128.371099997312, 2080.8336999975145, 2077.523099999875,
      2021.5261000022292, 2048.523899998516, 2116.82840000093,
      2100.8061999976635, 2213.937099996954, 2203.8086999990046,
      2065.311099998653, 2112.83239999786, 2233.796100001782
    ]
  },
  "numberOfMeasurements": {
    "Test run time [ms]": 100
  },
  "totalTime": 209659.00309997052,
  "totalTimeRounded": 209.659,
  "numberOfTests": 100,
  "meanTestTime": 2.09659
}
