{
  "timePerMeasurement": {
    "Test run time [ms]": [
      2118.767999999225, 2183.466200001538, 2118.9389999993145,
      2197.495900001377, 2066.572499997914, 2130.6638000011444,
      2087.413899999112, 2095.659200001508, 2100.2338000014424,
      2107.403400000185, 2102.5098999999464, 2089.010300002992,
      2117.0431999973953, 2090.352000001818, 2108.0329000018537,
      2091.4170999974012, 2101.3547999970615, 2084.0097999982536,
      2034.3374000005424, 2080.348600000143
    ]
  },
  "numberOfMeasurements": {
    "Test run time [ms]": 20
  },
  "totalTime": 42105.03170000017,
  "totalTimeRounded": 42.105,
  "numberOfTests": 20,
  "meanTestTime": 2.10525
}
