{
  "timePerMeasurement": {
    "Test run time [ms]": [
      225.2580000013113, 164.11079999804497, 143.8801000006497,
      151.09429999813437, 144.69689999893308, 143.73849999904633,
      151.4074999988079, 169.96970000118017, 186.55860000103712,
      172.02170000225306, 169.00569999963045, 174.2394000031054,
      169.0396999977529, 157.25919999927282, 163.0396999977529,
      149.70879999920726, 168.49599999934435, 173.93819999694824,
      157.46719999983907, 168.56930000334978, 144.47520000115037,
      180.39010000228882, 161.03860000148416, 185.97489999979734,
      157.41709999740124, 182.26669999957085, 177.42629999667406,
      197.86719999834895, 191.3314999975264, 252.8040000014007,
      154.66499999910593, 181.68100000172853, 147.53539999946952,
      157.07670000195503, 172.9754999987781, 170.72819999977946,
      169.85960000008345, 141.17369999736547, 159.32190000265837,
      154.6030999980867, 154.903299998492, 170.3733000010252,
      186.73090000078082, 156.1447999998927, 155.99929999932647,
      124.39579999819398, 158.45279999822378, 153.0921000018716,
      172.02329999953508, 156.32579999789596, 158.0890999995172,
      153.1942999996245, 186.48809999972582, 139.93479999899864,
      156.29570000246167, 137.94739999994636, 158.70329999923706,
      152.18189999833703, 174.8428999967873, 169.51659999787807,
      174.21970000118017, 154.08379999920726, 161.14919999986887,
      150.180300001055, 146.0498000010848, 143.5126999989152, 155.6495000012219,
      140.7098999992013, 155.76239999756217, 174.64139999821782,
      155.7960000000894, 169.96090000122786, 169.8715999983251,
      155.39249999821186, 173.82190000265837, 171.8704000003636,
      154.71399999782443, 139.48290000110865, 187.27879999950528,
      171.79089999943972, 185.8660999983549, 173.39369999989867,
      170.22690000012517, 155.01570000126958, 141.21169999986887,
      177.25710000097752, 151.26740000024438, 186.32209999859333,
      185.4184999987483, 173.57279999926686, 184.87139999866486,
      140.6981000006199, 172.37570000067353, 185.67620000243187,
      171.61690000072122, 171.88079999759793, 152.42750000208616,
      177.65909999981523, 187.27639999985695, 175.60749999806285
    ]
  },
  "numberOfMeasurements": {
    "Test run time [ms]": 100
  },
  "totalTime": 16545.326699972153,
  "totalTimeRounded": 16.545,
  "numberOfTests": 100,
  "meanTestTime": 0.16545
}
