{
  "timePerMeasurement": {
    "Test run time [ms]": [
      2224.1729000024498, 2176.4852000027895, 2010.276399999857,
      2013.782800000161, 2076.806099999696, 2108.800300002098,
      2029.7027999982238, 2174.747999999672, 2089.834800001234,
      2047.4838000014424, 2051.786699999124, 2098.4301999993622,
      2102.7106999978423, 2073.6757000014186, 2117.15170000121,
      2197.5896000005305, 2203.3954000025988, 2044.993900001049,
      2062.476400002837, 2000.8602999970317, 1973.9217999987304,
      2030.0502000004053, 2198.6814999990165, 1972.8592999987304,
      2121.69299999997, 2098.9583999998868, 2099.0687000006437,
      2028.969999998808, 2068.5475999973714, 2110.0275999978185,
      2022.248900000006, 2076.6255999989808, 2087.1977000012994,
      2145.542300000787, 2089.3784999996424, 2060.8755999989808,
      2103.4813000001013, 2024.7538000009954, 2099.7995999976993,
      2013.411400001496, 2127.6326999999583, 2066.3939999975264,
      1981.762199997902, 2024.4000000022352, 2073.3647999987006,
      2097.556200001389, 2057.3413999974728, 2139.6253999993205,
      2106.1559999994934, 2026.287600003183, 2067.8123000003397,
      2097.7895999997854, 2102.7631999999285, 2022.3769000023603,
      2078.6374000012875, 2107.5714999996126, 2009.8002999983728,
      2004.6926000006497, 1995.6421000026166, 2078.4037999995053,
      2104.3420999981463, 2149.9156999997795, 2041.3957000002265,
      2116.4831999987364, 2095.664699997753, 2179.167500000447,
      2042.9644999988377, 2207.85379999876, 2006.724200002849,
      2198.0680999979377, 1949.24469999969, 2115.3137999996543,
      2097.2324000000954, 2084.6898999996483, 2103.680300001055,
      1982.797499999404, 2117.0888000018895, 2101.4076000005007,
      2096.3106999993324, 2003.0097999982536, 2021.5399000011384,
      2030.0934999994934, 2046.5841999985278, 2091.115800000727,
      2116.4287000000477, 2035.0149000026286, 2097.5922999978065,
      1956.8321999982, 2015.5094999969006, 2080.8410000018775,
      2051.8422999978065, 1973.742499999702, 2083.5190000012517,
      2062.61269999668, 2134.114099998027, 2100.9781999997795,
      2090.773900002241, 2102.344399999827, 2019.2290000021458,
      2079.3141000010073
    ]
  },
  "numberOfMeasurements": {
    "Test run time [ms]": 100
  },
  "totalTime": 207580.64369999245,
  "totalTimeRounded": 207.581,
  "numberOfTests": 100,
  "meanTestTime": 2.0758099999999997
}
